ranking_name,judge_model,prompt_template,rank,metric_column,metric_value
primary_scotts_pi,kimi_k2_6,minimal,1,scotts_pi,0.9622599123890825
primary_scotts_pi,gemini_3_1_pro,minimal,2,scotts_pi,0.881364644889172
primary_scotts_pi,glm_5_1,minimal,3,scotts_pi,0.8693872199550944
primary_scotts_pi,claude_sonnet_4_6,minimal,4,scotts_pi,0.8625204582651392
primary_scotts_pi,mimo_v2_5_pro,minimal,5,scotts_pi,0.8563493583604671
primary_scotts_pi,gpt_5_5,minimal,6,scotts_pi,0.8537772180993485
primary_scotts_pi,claude_opus_4_7,minimal,7,scotts_pi,0.849659795628799
primary_scotts_pi,qwen_3_6_max,minimal,8,scotts_pi,0.8101922020629682
primary_scotts_pi,qwen_3_6_plus,minimal,9,scotts_pi,0.806686723644739
primary_scotts_pi,deepseek_v4_pro,minimal,10,scotts_pi,0.8065704588186459
primary_scotts_pi,grok_4_3,minimal,11,scotts_pi,0.7981108669146447
primary_scotts_pi,gemini_3_flash,minimal,12,scotts_pi,0.7926452494873548
primary_scotts_pi,deepseek_v4_flash,minimal,13,scotts_pi,0.7720019111323461
primary_scotts_pi,gpt_oss_120b,minimal,14,scotts_pi,0.7230574198359432
primary_scotts_pi,nemotron_3_super,minimal,15,scotts_pi,0.7011413696435722
primary_scotts_pi,k_exaone_236b_a23b,minimal,16,scotts_pi,0.6706188156310549
primary_scotts_pi,solar_pro_3,minimal,17,scotts_pi,0.6185010373821194
percent_agreement,kimi_k2_6,minimal,1,percent_agreement,0.9940476190476191
percent_agreement,mimo_v2_5_pro,minimal,2,percent_agreement,0.976
percent_agreement,gemini_3_1_pro,minimal,3,percent_agreement,0.9608177172061328
percent_agreement,glm_5_1,minimal,4,percent_agreement,0.9564846416382252
percent_agreement,claude_sonnet_4_6,minimal,5,percent_agreement,0.9533333333333334
percent_agreement,gpt_5_5,minimal,6,percent_agreement,0.9498327759197325
percent_agreement,claude_opus_4_7,minimal,7,percent_agreement,0.9475
percent_agreement,qwen_3_6_max,minimal,8,percent_agreement,0.9391666666666667
percent_agreement,qwen_3_6_plus,minimal,9,percent_agreement,0.9383333333333334
percent_agreement,gemini_3_flash,minimal,10,percent_agreement,0.9341666666666667
percent_agreement,deepseek_v4_pro,minimal,11,percent_agreement,0.9304274937133278
percent_agreement,grok_4_3,minimal,12,percent_agreement,0.9275
percent_agreement,deepseek_v4_flash,minimal,13,percent_agreement,0.9195305951383068
percent_agreement,k_exaone_236b_a23b,minimal,14,percent_agreement,0.9019607843137255
percent_agreement,gpt_oss_120b,minimal,15,percent_agreement,0.8964941569282137
percent_agreement,nemotron_3_super,minimal,16,percent_agreement,0.8911222780569514
percent_agreement,solar_pro_3,minimal,17,percent_agreement,0.8725
absolute_score_gap,solar_pro_3,minimal,1,score_delta,0.0008333333333333526
absolute_score_gap,gemini_3_1_pro,minimal,2,score_delta,0.005110732538330498
absolute_score_gap,kimi_k2_6,minimal,3,score_delta,0.005952380952380931
absolute_score_gap,mimo_v2_5_pro,minimal,4,score_delta,0.008000000000000007
absolute_score_gap,glm_5_1,minimal,5,score_delta,0.009385665529010323
absolute_score_gap,claude_sonnet_4_6,minimal,6,score_delta,0.010000000000000009
absolute_score_gap,gpt_5_5,minimal,7,score_delta,0.01672240802675584
absolute_score_gap,qwen_3_6_max,minimal,8,score_delta,0.022499999999999964
absolute_score_gap,qwen_3_6_plus,minimal,9,score_delta,0.025000000000000022
absolute_score_gap,claude_opus_4_7,minimal,10,score_delta,0.02749999999999997
absolute_score_gap,gemini_3_flash,minimal,11,score_delta,0.02749999999999997
absolute_score_gap,deepseek_v4_flash,minimal,12,score_delta,0.03688181056160944
absolute_score_gap,k_exaone_236b_a23b,minimal,13,score_delta,0.03703703703703709
absolute_score_gap,grok_4_3,minimal,14,score_delta,0.04583333333333328
absolute_score_gap,deepseek_v4_pro,minimal,15,score_delta,0.047778709136630404
absolute_score_gap,nemotron_3_super,minimal,16,score_delta,0.058626465661641536
absolute_score_gap,gpt_oss_120b,minimal,17,score_delta,0.07512520868113515
false_positive_rate,deepseek_v4_pro,minimal,1,fpr,0.051587301587301584
false_positive_rate,claude_opus_4_7,minimal,2,fpr,0.05905511811023622
false_positive_rate,grok_4_3,minimal,3,fpr,0.06299212598425197
false_positive_rate,kimi_k2_6,minimal,4,fpr,0.06666666666666667
false_positive_rate,gpt_oss_120b,minimal,5,fpr,0.06719367588932806
false_positive_rate,gpt_5_5,minimal,6,fpr,0.07905138339920949
false_positive_rate,gemini_3_1_pro,minimal,7,fpr,0.08264462809917356
false_positive_rate,glm_5_1,minimal,8,fpr,0.08264462809917356
false_positive_rate,claude_sonnet_4_6,minimal,9,fpr,0.08661417322834646
false_positive_rate,mimo_v2_5_pro,minimal,10,fpr,0.09090909090909091
false_positive_rate,deepseek_v4_flash,minimal,11,fpr,0.10358565737051793
false_positive_rate,nemotron_3_super,minimal,12,fpr,0.11952191235059761
false_positive_rate,k_exaone_236b_a23b,minimal,13,fpr,0.18666666666666668
false_positive_rate,qwen_3_6_max,minimal,14,fpr,0.1968503937007874
false_positive_rate,qwen_3_6_plus,minimal,15,fpr,0.2047244094488189
false_positive_rate,gemini_3_flash,minimal,16,fpr,0.2204724409448819
false_positive_rate,solar_pro_3,minimal,17,fpr,0.2992125984251969
false_negative_rate,kimi_k2_6,minimal,1,fnr,0.0
false_negative_rate,mimo_v2_5_pro,minimal,2,fnr,0.017543859649122806
false_negative_rate,qwen_3_6_plus,minimal,3,fnr,0.023255813953488372
false_negative_rate,gemini_3_flash,minimal,4,fnr,0.024312896405919663
false_negative_rate,qwen_3_6_max,minimal,5,fnr,0.024312896405919663
false_negative_rate,gemini_3_1_pro,minimal,6,fnr,0.027896995708154508
false_negative_rate,glm_5_1,minimal,7,fnr,0.03333333333333333
false_negative_rate,claude_sonnet_4_6,minimal,8,fnr,0.035940803382663845
false_negative_rate,gpt_5_5,minimal,9,fnr,0.042417815482502653
false_negative_rate,claude_opus_4_7,minimal,10,fnr,0.0507399577167019
false_negative_rate,deepseek_v4_flash,minimal,11,fnr,0.07430997876857749
false_negative_rate,deepseek_v4_pro,minimal,12,fnr,0.07438894792773645
false_negative_rate,grok_4_3,minimal,13,fnr,0.07505285412262157
false_negative_rate,k_exaone_236b_a23b,minimal,14,fnr,0.08072916666666667
false_negative_rate,solar_pro_3,minimal,15,fnr,0.08139534883720931
false_negative_rate,nemotron_3_super,minimal,16,fnr,0.10604453870625663
false_negative_rate,gpt_oss_120b,minimal,17,fnr,0.11322751322751323
precision,kimi_k2_6,minimal,1,precision,0.9935064935064936
precision,mimo_v2_5_pro,minimal,2,precision,0.9911504424778761
precision,deepseek_v4_pro,minimal,3,precision,0.9852941176470589
precision,claude_opus_4_7,minimal,4,precision,0.9835706462212487
precision,grok_4_3,minimal,5,precision,0.9820426487093153
precision,gpt_oss_120b,minimal,6,precision,0.9801169590643275
precision,gemini_3_1_pro,minimal,7,precision,0.978401727861771
precision,gpt_5_5,minimal,8,precision,0.9783315276273022
precision,glm_5_1,minimal,9,precision,0.9782372143634385
precision,claude_sonnet_4_6,minimal,10,precision,0.9764453961456103
precision,deepseek_v4_flash,minimal,11,precision,0.9710467706013363
precision,nemotron_3_super,minimal,12,precision,0.9656357388316151
precision,k_exaone_236b_a23b,minimal,13,precision,0.9618528610354223
precision,qwen_3_6_max,minimal,14,precision,0.9486125385405961
precision,qwen_3_6_plus,minimal,15,precision,0.9467213114754098
precision,gemini_3_flash,minimal,16,precision,0.9427987742594485
precision,solar_pro_3,minimal,17,precision,0.9195767195767196
recall,kimi_k2_6,minimal,1,recall,1.0
recall,mimo_v2_5_pro,minimal,2,recall,0.9824561403508771
recall,qwen_3_6_plus,minimal,3,recall,0.9767441860465116
recall,gemini_3_flash,minimal,4,recall,0.9756871035940803
recall,qwen_3_6_max,minimal,5,recall,0.9756871035940803
recall,gemini_3_1_pro,minimal,6,recall,0.9721030042918455
recall,glm_5_1,minimal,7,recall,0.9666666666666667
recall,claude_sonnet_4_6,minimal,8,recall,0.9640591966173362
recall,gpt_5_5,minimal,9,recall,0.9575821845174973
recall,claude_opus_4_7,minimal,10,recall,0.9492600422832981
recall,deepseek_v4_flash,minimal,11,recall,0.9256900212314225
recall,deepseek_v4_pro,minimal,12,recall,0.9256110520722636
recall,grok_4_3,minimal,13,recall,0.9249471458773785
recall,k_exaone_236b_a23b,minimal,14,recall,0.9192708333333334
recall,solar_pro_3,minimal,15,recall,0.9186046511627907
recall,nemotron_3_super,minimal,16,recall,0.8939554612937434
recall,gpt_oss_120b,minimal,17,recall,0.8867724867724868
f1,kimi_k2_6,minimal,1,f1,0.9967426710097721
f1,mimo_v2_5_pro,minimal,2,f1,0.9867841409691629
f1,gemini_3_1_pro,minimal,3,f1,0.9752421959095803
f1,glm_5_1,minimal,4,f1,0.9724175229853975
f1,claude_sonnet_4_6,minimal,5,f1,0.9702127659574469
f1,gpt_5_5,minimal,6,f1,0.9678456591639871
f1,claude_opus_4_7,minimal,7,f1,0.9661108122646583
f1,qwen_3_6_max,minimal,8,f1,0.9619593538301198
f1,qwen_3_6_plus,minimal,9,f1,0.9614984391259105
f1,gemini_3_flash,minimal,10,f1,0.958961038961039
f1,deepseek_v4_pro,minimal,11,f1,0.9545205479452056
f1,grok_4_3,minimal,12,f1,0.9526401741970605
f1,deepseek_v4_flash,minimal,13,f1,0.9478260869565218
f1,k_exaone_236b_a23b,minimal,14,f1,0.9400798934753661
f1,gpt_oss_120b,minimal,15,f1,0.9311111111111111
f1,nemotron_3_super,minimal,16,f1,0.9284140969162995
f1,solar_pro_3,minimal,17,f1,0.919090428344791
